compound,seq_type,Nham_aa,aa_seq,s,resistance,aa1,aa2,aa3,aa4,aa5,aa6,aa7,aa8,aa9
caspofungin,ortho,1.0,FLILSLRDP,-0.1748943757894187,sensitive,F,L,I,L,S,L,R,D,P
caspofungin,ortho,1.0,FLTLSLRDP,0.1282044594404839,sensitive,F,L,T,L,S,L,R,D,P
caspofungin,single,0.0,FLVLSLRDP,-0.3006102761156254,sensitive,F,L,V,L,S,L,R,D,P
caspofungin,single,0.0,FLVLSLRDP,0.0326836002849778,sensitive,F,L,V,L,S,L,R,D,P
caspofungin,single,0.0,FLVLSLRDP,1.0438955273163808,resistant,F,L,V,L,S,L,R,D,P
caspofungin,single,0.0,FLVLSLRDP,-0.1633112611163749,sensitive,F,L,V,L,S,L,R,D,P
caspofungin,single,0.0,FLVLSLRDP,0.045567802578305,sensitive,F,L,V,L,S,L,R,D,P
caspofungin,single,0.0,FLVLSLRDP,0.0094253556712664,sensitive,F,L,V,L,S,L,R,D,P
caspofungin,single,0.0,FLVLSLRDP,0.0822020870629262,sensitive,F,L,V,L,S,L,R,D,P
caspofungin,single,0.0,FLVLSLRDP,0.0436558413445538,sensitive,F,L,V,L,S,L,R,D,P
caspofungin,single,0.0,FLVLSLRDP,1.0531123854841988,resistant,F,L,V,L,S,L,R,D,P
caspofungin,single,0.0,FLVLSLRDP,-0.0914601904951651,sensitive,F,L,V,L,S,L,R,D,P
caspofungin,single,0.0,FLVLSLRDP,-0.029735766310163,sensitive,F,L,V,L,S,L,R,D,P
caspofungin,single,0.0,FLVLSLRDP,1.4961114738587336,resistant,F,L,V,L,S,L,R,D,P
caspofungin,single,0.0,FLVLSLRDP,-0.3125111651280793,sensitive,F,L,V,L,S,L,R,D,P
caspofungin,single,0.0,FLVLSLRDP,-0.1539593381065869,sensitive,F,L,V,L,S,L,R,D,P
caspofungin,single,1.0,*LVLSLRDP,0.2568665143499401,sensitive,*,L,V,L,S,L,R,D,P
caspofungin,single,1.0,ALVLSLRDP,1.9937959388129447,resistant,A,L,V,L,S,L,R,D,P
caspofungin,single,1.0,ALVLSLRDP,1.6577641427368752,resistant,A,L,V,L,S,L,R,D,P
caspofungin,single,1.0,DLVLSLRDP,1.8737294577825248,resistant,D,L,V,L,S,L,R,D,P
caspofungin,single,1.0,ELVLSLRDP,1.9108942475237063,resistant,E,L,V,L,S,L,R,D,P
caspofungin,single,1.0,F*VLSLRDP,0.1774964055856257,sensitive,F,*,V,L,S,L,R,D,P
caspofungin,single,1.0,FAVLSLRDP,0.2596902492805996,sensitive,F,A,V,L,S,L,R,D,P
caspofungin,single,1.0,FAVLSLRDP,0.598374629177407,sensitive,F,A,V,L,S,L,R,D,P
caspofungin,single,1.0,FCVLSLRDP,-0.2532504232080319,sensitive,F,C,V,L,S,L,R,D,P
caspofungin,single,1.0,FEVLSLRDP,-0.0058390464436091,sensitive,F,E,V,L,S,L,R,D,P
caspofungin,single,1.0,FFVLSLRDP,-0.1632607285009736,sensitive,F,F,V,L,S,L,R,D,P
caspofungin,single,1.0,FGVLSLRDP,0.2870971761445703,sensitive,F,G,V,L,S,L,R,D,P
caspofungin,single,1.0,FGVLSLRDP,0.1905273693660476,sensitive,F,G,V,L,S,L,R,D,P
caspofungin,single,1.0,FHVLSLRDP,0.5901488534419814,sensitive,F,H,V,L,S,L,R,D,P
caspofungin,single,1.0,FIVLSLRDP,0.0190737597784487,sensitive,F,I,V,L,S,L,R,D,P
caspofungin,single,1.0,FKVLSLRDP,0.188470920268469,sensitive,F,K,V,L,S,L,R,D,P
caspofungin,single,1.0,FL*LSLRDP,-0.0113111093131342,sensitive,F,L,*,L,S,L,R,D,P
caspofungin,single,1.0,FLALSLRDP,0.0174433542826745,sensitive,F,L,A,L,S,L,R,D,P
caspofungin,single,1.0,FLALSLRDP,1.1155987410039363,resistant,F,L,A,L,S,L,R,D,P
caspofungin,single,1.0,FLCLSLRDP,-0.28265353258843,sensitive,F,L,C,L,S,L,R,D,P
caspofungin,single,1.0,FLDLSLRDP,1.1582058890966418,resistant,F,L,D,L,S,L,R,D,P
caspofungin,single,1.0,FLELSLRDP,-0.1977874899136741,sensitive,F,L,E,L,S,L,R,D,P
caspofungin,single,1.0,FLFLSLRDP,-0.0675721857954723,sensitive,F,L,F,L,S,L,R,D,P
caspofungin,single,1.0,FLGLSLRDP,1.0064407109636082,resistant,F,L,G,L,S,L,R,D,P
caspofungin,single,1.0,FLGLSLRDP,-0.0324662104431789,sensitive,F,L,G,L,S,L,R,D,P
caspofungin,single,1.0,FLHLSLRDP,1.703127683980292,resistant,F,L,H,L,S,L,R,D,P
caspofungin,single,1.0,FLILSLRDP,0.093658331731118,sensitive,F,L,I,L,S,L,R,D,P
caspofungin,single,1.0,FLKLSLRDP,1.6222817341079274,resistant,F,L,K,L,S,L,R,D,P
caspofungin,single,1.0,FLLLSLRDP,-0.1707928829301129,sensitive,F,L,L,L,S,L,R,D,P
caspofungin,single,1.0,FLLLSLRDP,-0.1837121713716566,sensitive,F,L,L,L,S,L,R,D,P
caspofungin,single,1.0,FLLLSLRDP,-0.1725556207825994,sensitive,F,L,L,L,S,L,R,D,P
caspofungin,single,1.0,FLMLSLRDP,-0.0768028987089866,sensitive,F,L,M,L,S,L,R,D,P
caspofungin,single,1.0,FLNLSLRDP,1.2889256131420863,resistant,F,L,N,L,S,L,R,D,P
caspofungin,single,1.0,FLPLSLRDP,1.6993772483485203,resistant,F,L,P,L,S,L,R,D,P
caspofungin,single,1.0,FLPLSLRDP,1.7001101398996614,resistant,F,L,P,L,S,L,R,D,P
caspofungin,single,1.0,FLQLSLRDP,-0.0163866962086371,sensitive,F,L,Q,L,S,L,R,D,P
caspofungin,single,1.0,FLRLSLRDP,1.4071274489249563,resistant,F,L,R,L,S,L,R,D,P
caspofungin,single,1.0,FLRLSLRDP,1.6192433325407198,resistant,F,L,R,L,S,L,R,D,P
caspofungin,single,1.0,FLRLSLRDP,1.7895765076417136,resistant,F,L,R,L,S,L,R,D,P
caspofungin,single,1.0,FLSLSLRDP,0.2643955751498515,sensitive,F,L,S,L,S,L,R,D,P
caspofungin,single,1.0,FLSLSLRDP,0.4443811229634132,sensitive,F,L,S,L,S,L,R,D,P
caspofungin,single,1.0,FLSLSLRDP,1.2315097681199696,resistant,F,L,S,L,S,L,R,D,P
caspofungin,single,1.0,FLTLSLRDP,0.4400900200069042,sensitive,F,L,T,L,S,L,R,D,P
caspofungin,single,1.0,FLTLSLRDP,-0.2049296914237718,sensitive,F,L,T,L,S,L,R,D,P
caspofungin,single,1.0,FLV*SLRDP,0.3867918492147182,sensitive,F,L,V,*,S,L,R,D,P
caspofungin,single,1.0,FLVASLRDP,1.1155987410039363,resistant,F,L,V,A,S,L,R,D,P
caspofungin,single,1.0,FLVASLRDP,-0.2839284926982029,sensitive,F,L,V,A,S,L,R,D,P
caspofungin,single,1.0,FLVCSLRDP,0.1751884294413358,sensitive,F,L,V,C,S,L,R,D,P
caspofungin,single,1.0,FLVDSLRDP,-0.2321417210300944,sensitive,F,L,V,D,S,L,R,D,P
caspofungin,single,1.0,FLVESLRDP,0.0090197646210608,sensitive,F,L,V,E,S,L,R,D,P
caspofungin,single,1.0,FLVFSLRDP,1.9195727635844848,resistant,F,L,V,F,S,L,R,D,P
caspofungin,single,1.0,FLVHSLRDP,1.9712458632948824,resistant,F,L,V,H,S,L,R,D,P
caspofungin,single,1.0,FLVISLRDP,-0.083411311323155,sensitive,F,L,V,I,S,L,R,D,P
caspofungin,single,1.0,FLVKSLRDP,1.8859223101925413,resistant,F,L,V,K,S,L,R,D,P
caspofungin,single,1.0,FLVKSLRDP,1.8859223101925413,resistant,F,L,V,K,S,L,R,D,P
caspofungin,single,1.0,FLVL*LRDP,0.4431071219181107,sensitive,F,L,V,L,*,L,R,D,P
caspofungin,single,1.0,FLVLALRDP,0.0631638919329694,sensitive,F,L,V,L,A,L,R,D,P
caspofungin,single,1.0,FLVLALRDP,0.1345514049020753,sensitive,F,L,V,L,A,L,R,D,P
caspofungin,single,1.0,FLVLCLRDP,1.4548073055110953,resistant,F,L,V,L,C,L,R,D,P
caspofungin,single,1.0,FLVLDLRDP,1.7860459765881207,resistant,F,L,V,L,D,L,R,D,P
caspofungin,single,1.0,FLVLELRDP,1.902214422668573,resistant,F,L,V,L,E,L,R,D,P
caspofungin,single,1.0,FLVLFLRDP,1.9033540073858344,resistant,F,L,V,L,F,L,R,D,P
caspofungin,single,1.0,FLVLGLRDP,0.1368810645862822,sensitive,F,L,V,L,G,L,R,D,P
caspofungin,single,1.0,FLVLGLRDP,1.2546971171088095,resistant,F,L,V,L,G,L,R,D,P
caspofungin,single,1.0,FLVLHLRDP,1.949592865722527,resistant,F,L,V,L,H,L,R,D,P
caspofungin,single,1.0,FLVLILRDP,1.8053299041405229,resistant,F,L,V,L,I,L,R,D,P
caspofungin,single,1.0,FLVLKLRDP,1.8818492208664344,resistant,F,L,V,L,K,L,R,D,P
caspofungin,single,1.0,FLVLLLRDP,1.4239174502411571,resistant,F,L,V,L,L,L,R,D,P
caspofungin,single,1.0,FLVLLLRDP,1.4051130723215006,resistant,F,L,V,L,L,L,R,D,P
caspofungin,single,1.0,FLVLLLRDP,1.3938580766081563,resistant,F,L,V,L,L,L,R,D,P
caspofungin,single,1.0,FLVLMLRDP,1.4391504631076033,resistant,F,L,V,L,M,L,R,D,P
caspofungin,single,1.0,FLVLNLRDP,1.9640619455296373,resistant,F,L,V,L,N,L,R,D,P
caspofungin,single,1.0,FLVLPLRDP,1.9120404777217588,resistant,F,L,V,L,P,L,R,D,P
caspofungin,single,1.0,FLVLPLRDP,1.967704954755868,resistant,F,L,V,L,P,L,R,D,P
caspofungin,single,1.0,FLVLQLRDP,1.907772336303664,resistant,F,L,V,L,Q,L,R,D,P
caspofungin,single,1.0,FLVLRLRDP,1.3201471404392624,resistant,F,L,V,L,R,L,R,D,P
caspofungin,single,1.0,FLVLRLRDP,1.979959158657836,resistant,F,L,V,L,R,L,R,D,P
caspofungin,single,1.0,FLVLRLRDP,1.942061123203436,resistant,F,L,V,L,R,L,R,D,P
caspofungin,single,1.0,FLVLS*RDP,0.2368427520429237,sensitive,F,L,V,L,S,*,R,D,P
caspofungin,single,1.0,FLVLSARDP,-0.1751527898327425,sensitive,F,L,V,L,S,A,R,D,P
caspofungin,single,1.0,FLVLSARDP,-0.094652250367749,sensitive,F,L,V,L,S,A,R,D,P
caspofungin,single,1.0,FLVLSCRDP,0.065871451125281,sensitive,F,L,V,L,S,C,R,D,P
caspofungin,single,1.0,FLVLSDRDP,-0.0680026450111549,sensitive,F,L,V,L,S,D,R,D,P
caspofungin,single,1.0,FLVLSERDP,1.532385962771558,resistant,F,L,V,L,S,E,R,D,P
caspofungin,single,1.0,FLVLSFRDP,0.1007555952070741,sensitive,F,L,V,L,S,F,R,D,P
caspofungin,single,1.0,FLVLSGRDP,-0.3272763569291465,sensitive,F,L,V,L,S,G,R,D,P
caspofungin,single,1.0,FLVLSHRDP,1.948020457327021,resistant,F,L,V,L,S,H,R,D,P
caspofungin,single,1.0,FLVLSIRDP,-0.1120535875826428,sensitive,F,L,V,L,S,I,R,D,P
caspofungin,single,1.0,FLVLSKRDP,1.4691492615582613,resistant,F,L,V,L,S,K,R,D,P
caspofungin,single,1.0,FLVLSL*DP,0.2680711487111946,sensitive,F,L,V,L,S,L,*,D,P
caspofungin,single,1.0,FLVLSLADP,1.1112441187855104,resistant,F,L,V,L,S,L,A,D,P
caspofungin,single,1.0,FLVLSLADP,1.1236990184202234,resistant,F,L,V,L,S,L,A,D,P
caspofungin,single,1.0,FLVLSLCDP,0.0747451982279457,sensitive,F,L,V,L,S,L,C,D,P
caspofungin,single,1.0,FLVLSLDDP,0.1241107576186018,sensitive,F,L,V,L,S,L,D,D,P
caspofungin,single,1.0,FLVLSLEDP,0.0544873796381407,sensitive,F,L,V,L,S,L,E,D,P
caspofungin,single,1.0,FLVLSLFDP,-0.1936973316535508,sensitive,F,L,V,L,S,L,F,D,P
caspofungin,single,1.0,FLVLSLGDP,1.916314362364225,resistant,F,L,V,L,S,L,G,D,P
caspofungin,single,1.0,FLVLSLGDP,1.88453875439234,resistant,F,L,V,L,S,L,G,D,P
caspofungin,single,1.0,FLVLSLHDP,0.9388020237039376,resistant,F,L,V,L,S,L,H,D,P
caspofungin,single,1.0,FLVLSLIDP,0.0993984182685722,sensitive,F,L,V,L,S,L,I,D,P
caspofungin,single,1.0,FLVLSLKDP,-0.0083388372508896,sensitive,F,L,V,L,S,L,K,D,P
caspofungin,single,1.0,FLVLSLLDP,-0.0946084549494501,sensitive,F,L,V,L,S,L,L,D,P
caspofungin,single,1.0,FLVLSLLDP,-0.0478369980238837,sensitive,F,L,V,L,S,L,L,D,P
caspofungin,single,1.0,FLVLSLMDP,-0.1699242313430287,sensitive,F,L,V,L,S,L,M,D,P
caspofungin,single,1.0,FLVLSLNDP,0.3969310881475785,sensitive,F,L,V,L,S,L,N,D,P
caspofungin,single,1.0,FLVLSLPDP,1.4302720530894262,resistant,F,L,V,L,S,L,P,D,P
caspofungin,single,1.0,FLVLSLPDP,1.5135074922042122,resistant,F,L,V,L,S,L,P,D,P
caspofungin,single,1.0,FLVLSLQDP,0.0075700445700875,sensitive,F,L,V,L,S,L,Q,D,P
caspofungin,single,1.0,FLVLSLR*P,0.3916032419125802,sensitive,F,L,V,L,S,L,R,*,P
caspofungin,single,1.0,FLVLSLRAP,1.9764724006081456,resistant,F,L,V,L,S,L,R,A,P
caspofungin,single,1.0,FLVLSLRAP,1.955905146346519,resistant,F,L,V,L,S,L,R,A,P
caspofungin,single,1.0,FLVLSLRCP,1.9328131702697349,resistant,F,L,V,L,S,L,R,C,P
caspofungin,single,1.0,FLVLSLRD*,0.4308387125972772,sensitive,F,L,V,L,S,L,R,D,*
caspofungin,single,1.0,FLVLSLRDA,1.8639423018308765,resistant,F,L,V,L,S,L,R,D,A
caspofungin,single,1.0,FLVLSLRDA,1.815083433565916,resistant,F,L,V,L,S,L,R,D,A
caspofungin,single,1.0,FLVLSLRDC,1.4909540537723551,resistant,F,L,V,L,S,L,R,D,C
caspofungin,single,1.0,FLVLSLRDD,1.913439173737596,resistant,F,L,V,L,S,L,R,D,D
caspofungin,single,1.0,FLVLSLRDE,1.9261363910469749,resistant,F,L,V,L,S,L,R,D,E
caspofungin,single,1.0,FLVLSLRDF,1.8667622615974395,resistant,F,L,V,L,S,L,R,D,F
caspofungin,single,1.0,FLVLSLRDG,1.7375943423973923,resistant,F,L,V,L,S,L,R,D,G
caspofungin,single,1.0,FLVLSLRDG,1.6854233958756362,resistant,F,L,V,L,S,L,R,D,G
caspofungin,single,1.0,FLVLSLRDH,1.880598435586661,resistant,F,L,V,L,S,L,R,D,H
caspofungin,single,1.0,FLVLSLRDI,1.860511508344162,resistant,F,L,V,L,S,L,R,D,I
caspofungin,single,1.0,FLVLSLRDK,1.768296323993932,resistant,F,L,V,L,S,L,R,D,K
caspofungin,single,1.0,FLVLSLRDL,1.8631554717976464,resistant,F,L,V,L,S,L,R,D,L
caspofungin,single,1.0,FLVLSLRDL,1.819957126731447,resistant,F,L,V,L,S,L,R,D,L
caspofungin,single,1.0,FLVLSLRDL,1.8273452913527093,resistant,F,L,V,L,S,L,R,D,L
caspofungin,single,1.0,FLVLSLRDM,1.922865547429213,resistant,F,L,V,L,S,L,R,D,M
caspofungin,single,1.0,FLVLSLRDR,1.728045972362117,resistant,F,L,V,L,S,L,R,D,R
caspofungin,single,1.0,FLVLSLRDR,1.7725253537551753,resistant,F,L,V,L,S,L,R,D,R
caspofungin,single,1.0,FLVLSLRDR,1.7504560091784045,resistant,F,L,V,L,S,L,R,D,R
caspofungin,single,1.0,FLVLSLRDS,1.605072199200281,resistant,F,L,V,L,S,L,R,D,S
caspofungin,single,1.0,FLVLSLRDS,1.6279555285458056,resistant,F,L,V,L,S,L,R,D,S
caspofungin,single,1.0,FLVLSLRDS,1.6522286506761013,resistant,F,L,V,L,S,L,R,D,S
caspofungin,single,1.0,FLVLSLRDT,1.7791790084743275,resistant,F,L,V,L,S,L,R,D,T
caspofungin,single,1.0,FLVLSLRDT,1.8959162566959888,resistant,F,L,V,L,S,L,R,D,T
caspofungin,single,1.0,FLVLSLRDV,1.8419241384659748,resistant,F,L,V,L,S,L,R,D,V
caspofungin,single,1.0,FLVLSLRDV,1.791735848544452,resistant,F,L,V,L,S,L,R,D,V
caspofungin,single,1.0,FLVLSLRDW,0.0811550719518923,sensitive,F,L,V,L,S,L,R,D,W
caspofungin,single,1.0,FLVLSLRDY,1.7301886323174345,resistant,F,L,V,L,S,L,R,D,Y
caspofungin,single,1.0,FLVLSLREP,1.69738742076541,resistant,F,L,V,L,S,L,R,E,P
caspofungin,single,1.0,FLVLSLRFP,1.883859329672728,resistant,F,L,V,L,S,L,R,F,P
caspofungin,single,1.0,FLVLSLRGP,1.903251405498093,resistant,F,L,V,L,S,L,R,G,P
caspofungin,single,1.0,FLVLSLRGP,1.2563079213238395,resistant,F,L,V,L,S,L,R,G,P
caspofungin,single,1.0,FLVLSLRHP,1.931783189504044,resistant,F,L,V,L,S,L,R,H,P
caspofungin,single,1.0,FLVLSLRIP,1.9199085540877256,resistant,F,L,V,L,S,L,R,I,P
caspofungin,single,1.0,FLVLSLRKP,1.8206992192153963,resistant,F,L,V,L,S,L,R,K,P
caspofungin,single,1.0,FLVLSLRLP,1.3615411567441549,resistant,F,L,V,L,S,L,R,L,P
caspofungin,single,1.0,FLVLSLRLP,1.3408627242136617,resistant,F,L,V,L,S,L,R,L,P
caspofungin,single,1.0,FLVLSLRLP,1.35153782504319,resistant,F,L,V,L,S,L,R,L,P
caspofungin,single,1.0,FLVLSLRMP,1.8189111703107863,resistant,F,L,V,L,S,L,R,M,P
caspofungin,single,1.0,FLVLSLRNP,1.0218763862163829,resistant,F,L,V,L,S,L,R,N,P
caspofungin,single,1.0,FLVLSLRPP,1.908748300635968,resistant,F,L,V,L,S,L,R,P,P
caspofungin,single,1.0,FLVLSLRPP,1.9182621425069588,resistant,F,L,V,L,S,L,R,P,P
caspofungin,single,1.0,FLVLSLRQP,1.7415461958146392,resistant,F,L,V,L,S,L,R,Q,P
caspofungin,single,1.0,FLVLSLRRP,1.9333576712612264,resistant,F,L,V,L,S,L,R,R,P
caspofungin,single,1.0,FLVLSLRRP,1.959858602510152,resistant,F,L,V,L,S,L,R,R,P
caspofungin,single,1.0,FLVLSLRSP,1.936449295755408,resistant,F,L,V,L,S,L,R,S,P
caspofungin,single,1.0,FLVLSLRSP,1.95659093027073,resistant,F,L,V,L,S,L,R,S,P
caspofungin,single,1.0,FLVLSLRSP,1.953480872136204,resistant,F,L,V,L,S,L,R,S,P
caspofungin,single,1.0,FLVLSLRTP,1.959904653854409,resistant,F,L,V,L,S,L,R,T,P
caspofungin,single,1.0,FLVLSLRTP,1.9190853937271253,resistant,F,L,V,L,S,L,R,T,P
caspofungin,single,1.0,FLVLSLRVP,1.887599029501936,resistant,F,L,V,L,S,L,R,V,P
caspofungin,single,1.0,FLVLSLRVP,1.9500682276356536,resistant,F,L,V,L,S,L,R,V,P
caspofungin,single,1.0,FLVLSLRWP,1.8656951035321248,resistant,F,L,V,L,S,L,R,W,P
caspofungin,single,1.0,FLVLSLRYP,1.898621342318164,resistant,F,L,V,L,S,L,R,Y,P
caspofungin,single,1.0,FLVLSLSDP,0.988961290467518,resistant,F,L,V,L,S,L,S,D,P
caspofungin,single,1.0,FLVLSLSDP,1.0400454376001491,resistant,F,L,V,L,S,L,S,D,P
caspofungin,single,1.0,FLVLSLSDP,0.4170363070805534,sensitive,F,L,V,L,S,L,S,D,P
caspofungin,single,1.0,FLVLSLTDP,0.1230979006976089,sensitive,F,L,V,L,S,L,T,D,P
caspofungin,single,1.0,FLVLSLTDP,0.2162016117736778,sensitive,F,L,V,L,S,L,T,D,P
caspofungin,single,1.0,FLVLSLVDP,-0.0894459917669061,sensitive,F,L,V,L,S,L,V,D,P
caspofungin,single,1.0,FLVLSLVDP,-0.0110585187289528,sensitive,F,L,V,L,S,L,V,D,P
caspofungin,single,1.0,FLVLSLWDP,0.4858095284236171,sensitive,F,L,V,L,S,L,W,D,P
caspofungin,single,1.0,FLVLSLYDP,-0.164319226000593,sensitive,F,L,V,L,S,L,Y,D,P
caspofungin,single,1.0,FLVLSMRDP,0.0170892624259804,sensitive,F,L,V,L,S,M,R,D,P
caspofungin,single,1.0,FLVLSNRDP,-0.1371682229664473,sensitive,F,L,V,L,S,N,R,D,P
caspofungin,single,1.0,FLVLSPRDP,-0.0945492341224955,sensitive,F,L,V,L,S,P,R,D,P
caspofungin,single,1.0,FLVLSPRDP,0.0637351436595783,sensitive,F,L,V,L,S,P,R,D,P
caspofungin,single,1.0,FLVLSQRDP,1.9499049702592304,resistant,F,L,V,L,S,Q,R,D,P
caspofungin,single,1.0,FLVLSRRDP,1.9315861788584645,resistant,F,L,V,L,S,R,R,D,P
caspofungin,single,1.0,FLVLSRRDP,1.9023638667550784,resistant,F,L,V,L,S,R,R,D,P
caspofungin,single,1.0,FLVLSSRDP,-0.1371112700247616,sensitive,F,L,V,L,S,S,R,D,P
caspofungin,single,1.0,FLVLSSRDP,-0.0696605526372767,sensitive,F,L,V,L,S,S,R,D,P
caspofungin,single,1.0,FLVLSSRDP,0.0882776618781959,sensitive,F,L,V,L,S,S,R,D,P
caspofungin,single,1.0,FLVLSTRDP,-0.0108114828978457,sensitive,F,L,V,L,S,T,R,D,P
caspofungin,single,1.0,FLVLSTRDP,-0.013488633408955,sensitive,F,L,V,L,S,T,R,D,P
caspofungin,single,1.0,FLVLSVRDP,-0.087062154083345,sensitive,F,L,V,L,S,V,R,D,P
caspofungin,single,1.0,FLVLSVRDP,-0.2964800875042223,sensitive,F,L,V,L,S,V,R,D,P
caspofungin,single,1.0,FLVLSWRDP,1.6788041570437993,resistant,F,L,V,L,S,W,R,D,P
caspofungin,single,1.0,FLVLSYRDP,-0.1194234479457003,sensitive,F,L,V,L,S,Y,R,D,P
caspofungin,single,1.0,FLVLTLRDP,1.865802715114664,resistant,F,L,V,L,T,L,R,D,P
caspofungin,single,1.0,FLVLTLRDP,1.8327550659346792,resistant,F,L,V,L,T,L,R,D,P
caspofungin,single,1.0,FLVLVLRDP,0.9780529281340746,resistant,F,L,V,L,V,L,R,D,P
caspofungin,single,1.0,FLVLVLRDP,1.1508303898747432,resistant,F,L,V,L,V,L,R,D,P
caspofungin,single,1.0,FLVLWLRDP,0.902382420866483,resistant,F,L,V,L,W,L,R,D,P
caspofungin,single,1.0,FLVLYLRDP,1.858531660704805,resistant,F,L,V,L,Y,L,R,D,P
caspofungin,single,1.0,FLVMSLRDP,-0.1269562812544558,sensitive,F,L,V,M,S,L,R,D,P
caspofungin,single,1.0,FLVNSLRDP,0.1691328583597965,sensitive,F,L,V,N,S,L,R,D,P
caspofungin,single,1.0,FLVPSLRDP,-0.2128051545892588,sensitive,F,L,V,P,S,L,R,D,P
caspofungin,single,1.0,FLVQSLRDP,-0.1746139280975416,sensitive,F,L,V,Q,S,L,R,D,P
caspofungin,single,1.0,FLVRSLRDP,1.6989490051326888,resistant,F,L,V,R,S,L,R,D,P
caspofungin,single,1.0,FLVRSLRDP,1.7385562761867188,resistant,F,L,V,R,S,L,R,D,P
caspofungin,single,1.0,FLVSSLRDP,-0.1077376478567232,sensitive,F,L,V,S,S,L,R,D,P
caspofungin,single,1.0,FLVSSLRDP,0.2766422243132698,sensitive,F,L,V,S,S,L,R,D,P
caspofungin,single,1.0,FLVSSLRDP,-0.1918602273146735,sensitive,F,L,V,S,S,L,R,D,P
caspofungin,single,1.0,FLVTSLRDP,-0.1622034391900919,sensitive,F,L,V,T,S,L,R,D,P
caspofungin,single,1.0,FLVTSLRDP,-0.3993262675577783,sensitive,F,L,V,T,S,L,R,D,P
caspofungin,single,1.0,FLVVSLRDP,0.8955993457963811,resistant,F,L,V,V,S,L,R,D,P
caspofungin,single,1.0,FLVVSLRDP,0.1031999360795954,sensitive,F,L,V,V,S,L,R,D,P
caspofungin,single,1.0,FLVWSLRDP,1.9672475087080792,resistant,F,L,V,W,S,L,R,D,P
caspofungin,single,1.0,FLVYSLRDP,1.9310165132017632,resistant,F,L,V,Y,S,L,R,D,P
caspofungin,single,1.0,FLWLSLRDP,0.9362447952647346,resistant,F,L,W,L,S,L,R,D,P
caspofungin,single,1.0,FLWLSLRDP,0.9362447952647346,resistant,F,L,W,L,S,L,R,D,P
caspofungin,single,1.0,FLYLSLRDP,0.6117504608324977,sensitive,F,L,Y,L,S,L,R,D,P
caspofungin,single,1.0,FMVLSLRDP,0.0057181344164281,sensitive,F,M,V,L,S,L,R,D,P
caspofungin,single,1.0,FNVLSLRDP,-0.0354628716650813,sensitive,F,N,V,L,S,L,R,D,P
caspofungin,single,1.0,FPVLSLRDP,-0.2419732092794364,sensitive,F,P,V,L,S,L,R,D,P
caspofungin,single,1.0,FPVLSLRDP,0.4525621647427426,sensitive,F,P,V,L,S,L,R,D,P
caspofungin,single,1.0,FQVLSLRDP,0.0469470292380372,sensitive,F,Q,V,L,S,L,R,D,P
caspofungin,single,1.0,FRVLSLRDP,1.524465714324148,resistant,F,R,V,L,S,L,R,D,P
caspofungin,single,1.0,FRVLSLRDP,1.503944605752011,resistant,F,R,V,L,S,L,R,D,P
caspofungin,single,1.0,FRVLSLRDP,1.4999110107667375,resistant,F,R,V,L,S,L,R,D,P
caspofungin,single,1.0,FSVLSLRDP,0.983376492596426,resistant,F,S,V,L,S,L,R,D,P
caspofungin,single,1.0,FSVLSLRDP,0.9667704621297014,resistant,F,S,V,L,S,L,R,D,P
caspofungin,single,1.0,FSVLSLRDP,0.9566068690353732,resistant,F,S,V,L,S,L,R,D,P
caspofungin,single,1.0,FTVLSLRDP,1.5109740154724336,resistant,F,T,V,L,S,L,R,D,P
caspofungin,single,1.0,FTVLSLRDP,1.442288834562277,resistant,F,T,V,L,S,L,R,D,P
caspofungin,single,1.0,FVVLSLRDP,0.1921198664224286,sensitive,F,V,V,L,S,L,R,D,P
caspofungin,single,1.0,FVVLSLRDP,0.0576164030753793,sensitive,F,V,V,L,S,L,R,D,P
caspofungin,single,1.0,FWVLSLRDP,0.2530297605847851,sensitive,F,W,V,L,S,L,R,D,P
caspofungin,single,1.0,FYVLSLRDP,0.1014997961726666,sensitive,F,Y,V,L,S,L,R,D,P
caspofungin,single,1.0,GLVLSLRDP,2.0084785600068,resistant,G,L,V,L,S,L,R,D,P
caspofungin,single,1.0,HLVLSLRDP,1.947229549533244,resistant,H,L,V,L,S,L,R,D,P
caspofungin,single,1.0,ILVLSLRDP,1.91442288344846,resistant,I,L,V,L,S,L,R,D,P
caspofungin,single,1.0,KLVLSLRDP,1.941837949869856,resistant,K,L,V,L,S,L,R,D,P
caspofungin,single,1.0,LLVLSLRDP,1.6613499511761325,resistant,L,L,V,L,S,L,R,D,P
caspofungin,single,1.0,LLVLSLRDP,1.7254160436575714,resistant,L,L,V,L,S,L,R,D,P
caspofungin,single,1.0,LLVLSLRDP,1.698533097662677,resistant,L,L,V,L,S,L,R,D,P
caspofungin,single,1.0,MLVLSLRDP,0.0908527405812651,sensitive,M,L,V,L,S,L,R,D,P
caspofungin,single,1.0,NLVLSLRDP,1.338250316424567,resistant,N,L,V,L,S,L,R,D,P
caspofungin,single,1.0,PLVLSLRDP,1.9413811050219107,resistant,P,L,V,L,S,L,R,D,P
caspofungin,single,1.0,PLVLSLRDP,1.8799176618565567,resistant,P,L,V,L,S,L,R,D,P
caspofungin,single,1.0,QLVLSLRDP,1.975203274234377,resistant,Q,L,V,L,S,L,R,D,P
caspofungin,single,1.0,RLVLSLRDP,2.035543572635243,resistant,R,L,V,L,S,L,R,D,P
caspofungin,single,1.0,RLVLSLRDP,1.9440778692898828,resistant,R,L,V,L,S,L,R,D,P
caspofungin,single,1.0,SLVLSLRDP,1.2889256131420863,resistant,S,L,V,L,S,L,R,D,P
caspofungin,single,1.0,SLVLSLRDP,1.99368744306578,resistant,S,L,V,L,S,L,R,D,P
caspofungin,single,1.0,SLVLSLRDP,1.919882228114825,resistant,S,L,V,L,S,L,R,D,P
caspofungin,single,1.0,TLVLSLRDP,1.331441520753642,resistant,T,L,V,L,S,L,R,D,P
caspofungin,single,1.0,TLVLSLRDP,1.9241817999536488,resistant,T,L,V,L,S,L,R,D,P
caspofungin,single,1.0,VLVLSLRDP,1.884107260281876,resistant,V,L,V,L,S,L,R,D,P
caspofungin,single,1.0,WLVLSLRDP,1.3995672502030616,resistant,W,L,V,L,S,L,R,D,P
caspofungin,single,1.0,YLVLSLRDP,1.916435281826863,resistant,Y,L,V,L,S,L,R,D,P
