Species,Kingdom,Phylum,Paralog,Hotspot1,Hotspot2,GapsHotspot1,GapsHotspot2,HS1_in_oPools,HS2_in_oPools,Is_Human_Pathogen
Chlamydomonas reinhardtii,Viridiplantae,Chlorophyta,Fks1,AICSDLRED,QLGT----,False,True,True,False,False
Arabidopsis thaliana,Viridiplantae,Streptophyta,Fks1,LQVKPMIKP,GVILNQQF,False,False,True,True,False
Arabidopsis thaliana,Viridiplantae,Streptophyta,Fks1,LQIRPLIAP,NQQFIIQL,False,False,True,True,False
Phycomyces blakesleeanus,Fungi,Mucoromycota,Fks1,FLALSFRDA,EWIQRCVL,False,False,True,True,False
Rhizopus oryzae,Fungi,Mucoromycota,Fks1,FLALSFRDA,DWLQRCML,False,False,True,True,False
Schizosaccharomyces japonicus,Fungi,Ascomycota,Fks1,FLTLSAKDP,DWLRRCII,False,False,True,True,False
Schizosaccharomyces pombe,Fungi,Ascomycota,Fks1,FLTLSVRDP,DWIRRCII,False,False,True,True,False
Schizosaccharomyces octosporus,Fungi,Ascomycota,Fks1,FLTLSVRDP,DWIRRCII,False,False,True,True,False
Phycomyces blakesleeanus,Fungi,Mucoromycota,Fks1,FLALSFKDP,NWLKRVVI,False,False,True,True,False
Rhizopus oryzae,Fungi,Mucoromycota,Fks1,FLALSFKDP,DWVKRCIL,False,False,True,True,False
Phycomyces blakesleeanus,Fungi,Mucoromycota,Fks1,FLALSFKDP,EWVKRCIL,False,False,True,True,False
Schizosaccharomyces japonicus,Fungi,Ascomycota,Fks1,FLTLNLSDS,EWLKRCIL,False,False,True,True,False
Schizosaccharomyces octosporus,Fungi,Ascomycota,Fks1,FLALNLSDS,EWLKRCIL,False,False,True,True,False
Schizosaccharomyces pombe,Fungi,Ascomycota,Fks1,FLTLNLADS,EWLKRCIL,False,False,True,True,False
Laccaria bicolor,Fungi,Basidiomycota,Fks1,YLTLSFSDP,EWIRRCII,False,False,True,True,False
Coprinopsis cinerea,Fungi,Basidiomycota,Fks1,FLTLSFRDP,EWIERCII,False,False,True,True,False
Coprinopsis cinerea,Fungi,Basidiomycota,Fks1,FLTLSFRDP,EWIERCII,False,False,True,True,False
Phanerochaete chrysosporium,Fungi,Basidiomycota,Fks1,FLTSSFSSP,DWIKRCIM,False,False,True,True,False
Laccaria bicolor,Fungi,Basidiomycota,Fks1,FLTSSFSSP,DWIRRCIV,False,False,True,True,False
Coprinopsis cinerea,Fungi,Basidiomycota,Fks1,FLTSSFSSP,DWIRRCII,False,False,True,True,False
Coprinopsis cinerea,Fungi,Basidiomycota,Fks1,FLTSSFSSP,DWIRRCII,False,False,True,True,False
Ustilago maydis,Fungi,Basidiomycota,Fks1,FLTLSFRDP,LWIKRTII,False,False,True,True,False
Cryptococcus gattii VGI,Fungi,Basidiomycota,Fks1,FLTLSFRDP,KWIKRCII,False,False,True,True,False
Cryptococcus neoformans,Fungi,Basidiomycota,Fks1,FLTLSFRDP,RWIKRCII,False,False,True,True,True
Sporobolomyces roseus,Fungi,Basidiomycota,Fks1,FLTLSFENP,DWIKRCVI,False,False,True,True,False
Melampsora larici-populina,Fungi,Basidiomycota,Fks1,FLTLSFENP,DWIKRCIV,False,False,True,True,False
Puccinia triticina,Fungi,Basidiomycota,Fks1,FLTLSFENP,DWIKRCIV,False,False,True,True,False
Puccinia graminis,Fungi,Basidiomycota,Fks1,FLTLSFENP,--------,False,True,True,False,False
Schizosaccharomyces japonicus,Fungi,Ascomycota,Fks1,FLSLSFRDP,DWVKRCIL,False,False,True,True,False
Schizosaccharomyces pombe,Fungi,Ascomycota,Fks1,FLSLSFRDP,NWLKRCII,False,False,True,True,False
Schizosaccharomyces octosporus,Fungi,Ascomycota,Fks1,FLTLSFRDP,NWLKRCII,False,False,True,True,False
Schizosaccharomyces pombe,Fungi,Ascomycota,Fks1,FLTLSIRDP,SWLKRCVI,False,False,True,True,False
Schizosaccharomyces octosporus,Fungi,Ascomycota,Fks1,FLTLSIRDP,SWLKRCVI,False,False,True,True,False
Tetrapisispora phaffii,Fungi,Ascomycota,Fks1,FLTLSLRDP,DWVRRYTL,False,False,True,True,False
Eremothecium cymbalariae,Fungi,Ascomycota,Fks1,FLTLSLRDP,DWVRRYTL,False,False,True,True,False
Eremothecium gossypii,Fungi,Ascomycota,Fks1,FLTLSLRDP,DWVRRYTL,False,False,True,True,False
Eremothecium gossypii,Fungi,Ascomycota,Fks1,VLTLLVTQH,DWVRRYTL,False,False,True,True,False
Naumovozyma dairenensis,Fungi,Ascomycota,Fks1,FLILSLRDP,DWVRRYTL,False,False,True,True,False
Naumovozyma castellii,Fungi,Ascomycota,Fks1,FLILSLRDP,DWVRRYTL,False,False,True,True,False
Naumovozyma castellii,Fungi,Ascomycota,Fks1,FLILSLRDP,DWVRRYTL,False,False,True,True,False
Lachancea thermotolerans,Fungi,Ascomycota,Fks1,FLIKSLIDP,DWVRRYTL,False,False,True,True,False
Kluyveromyces lactis,Fungi,Ascomycota,Fks1,FLTLSLRDP,DWVRRYTL,False,False,True,True,False
Tetrapisispora phaffii,Fungi,Ascomycota,Fks1,FLILSLRDP,DWVRRYTL,False,False,True,True,False
Vanderwaltozyma polyspora,Fungi,Ascomycota,Fks1,FLTLSLRDP,DWVRRYTL,False,False,True,True,False
Zygosaccharomyces rouxii,Fungi,Ascomycota,Fks1,FLILSLRDP,DWVRRYTL,False,False,True,True,False
Torulaspora delbrueckii,Fungi,Ascomycota,Fks1,FLILSLRDP,DWVRRYTL,False,False,True,True,False
Naumovozyma dairenensis,Fungi,Ascomycota,Fks1,FLILSLRDP,DWVRRYTL,False,False,True,True,False
Naumovozyma castellii,Fungi,Ascomycota,Fks1,FLILSLRDP,DWVRRYTL,False,False,True,True,False
Naumovozyma castellii,Fungi,Ascomycota,Fks1,FLILSLRDP,DWVRRYTL,False,False,True,True,False
Candida glabrata,Fungi,Ascomycota,Fks1,FLILSLRDP,DWIRRYTL,False,False,True,True,True
Candida glabrata,Fungi,Ascomycota,Fks1,FLILSLRDP,DWVRRYTL,False,False,True,True,True
Saccharomyces cerevisiae,Fungi,Ascomycota,Fks1,FLVLSLRDP,DWVRRYTL,False,False,True,True,False
Saccharomyces bayanus,Fungi,Ascomycota,Fks1,FLILSLRDP,DWVRRYTL,False,False,True,True,False
Saccharomyces mikatae,Fungi,Ascomycota,Fks1,FLILSLRDP,DWVRRYTL,False,False,True,True,False
Saccharomyces cerevisiae,Fungi,Ascomycota,Fks1,FLILSLRDP,DWVRRYTL,False,False,True,True,False
Saccharomyces paradoxus,Fungi,Ascomycota,Fks1,FLILSLRDP,DWVRRYTL,False,False,True,True,False
Komagataella pastoris,Fungi,Ascomycota,Fks1,FLILSLRDP,DWIRRYTL,False,False,True,True,False
Komagataella phaffii,Fungi,Ascomycota,Fks1,FLILSLRDP,DWIRRYTL,False,False,True,True,False
Meyerozyma guilliermondii,Fungi,Ascomycota,Fks1,FMALSLRDP,DWIRRYTL,False,False,True,True,False
Debaryomyces hansenii,Fungi,Ascomycota,Fks1,FLTLSIRDP,DWIRRYTL,False,False,True,True,False
Scheffersomyces stipitis,Fungi,Ascomycota,Fks1,FLTLSLRDP,DWTRRYTL,False,False,True,True,False
Candida dubliniensis,Fungi,Ascomycota,Fks1,FLTLSLRDP,DWIRRYTL,False,False,True,True,False
Candida albicans,Fungi,Ascomycota,Fks1,FLTLSLRDP,DWIRRYTL,False,False,True,True,True
Candida parapsilosis,Fungi,Ascomycota,Fks1,FLTLSLRDA,DWIRRYTL,False,False,True,True,True
Lodderomyces elongisporus,Fungi,Ascomycota,Fks1,FLTLSLRDP,EWIRRYTL,False,False,True,True,False
Yarrowia lipolytica,Fungi,Ascomycota,Fks1,FLILSLRDP,DWIRRCVL,False,False,True,True,False
Yarrowia lipolytica,Fungi,Ascomycota,Fks1,FLILSLRDP,DWIRRCVL,False,False,True,True,False
Purpureocillium lilacinum,Fungi,Ascomycota,Fks1,SLTLSFRDV,--------,False,True,True,False,False
Dactylellina haptotyla,Fungi,Ascomycota,Fks1,ALALNIKDP,HWVQRCII,False,False,True,True,False
Arthrobotrys oligospora,Fungi,Ascomycota,Fks1,FLALNIKDP,HWVQRCIV,False,False,True,True,False
Macrophomina phaseolina,Fungi,Ascomycota,Fks1,FLTLSFRDP,DWVSRSTL,False,False,True,True,False
Ceratocystis platani,Fungi,Ascomycota,Fks1,YLTLSFRDP,DWVYRSII,False,False,True,True,False
Thielaviopsis punctulata,Fungi,Ascomycota,Fks1,YLTLSFRDP,DWVYRSII,False,False,True,True,False
Oidiodendron maius,Fungi,Ascomycota,Fks1,ALTLSFRDP,NWVYRCII,False,False,True,True,False
Rutstroemia sp. NJR-2017a BBW,Fungi,Ascomycota,Fks1,FLTLSFRDP,NWVYRCVI,False,False,True,True,False
Rutstroemia sp. NJR-2017a WRK4,Fungi,Ascomycota,Fks1,FLTLSFRDP,NWVYRCVI,False,False,True,True,False
Sclerotinia borealis,Fungi,Ascomycota,Fks1,FLTLSFRDP,NWVYRCVI,False,False,True,True,False
Sclerotinia sclerotiorum,Fungi,Ascomycota,Fks1,FLTLSFRDP,NWVYRCII,False,False,True,True,False
Oidiodendron maius,Fungi,Ascomycota,Fks1,FLALSFRDP,NWVYRCII,False,False,True,True,False
Glarea lozoyensis,Fungi,Ascomycota,Fks1,ALTLSFRDP,DWVWRCII,False,False,True,True,False
Amorphotheca resinae,Fungi,Ascomycota,Fks1,FLTLSFRDP,DWVYRCII,False,False,True,True,False
Marssonina brunnea,Fungi,Ascomycota,Fks1,FLTLSFRDP,DWVYRCII,False,False,True,True,False
Diplocarpon rosae,Fungi,Ascomycota,Fks1,FLTLSFRDP,DWVYRCII,False,False,True,True,False
Diplocarpon rosae,Fungi,Ascomycota,Fks1,FLTLSFRDP,DWVYRCII,False,False,True,True,False
Blumeria graminis,Fungi,Ascomycota,Fks1,FLTLSFRDP,DWVYRCTI,False,False,True,True,False
Erysiphe necator,Fungi,Ascomycota,Fks1,FLTLSFRDP,DWVYRSII,False,False,True,True,False
Phialocephala subalpina,Fungi,Ascomycota,Fks1,FLTLSFRDP,NWVYRCII,False,False,True,True,False
Rhynchosporium commune,Fungi,Ascomycota,Fks1,FLTLSFRDP,NWVYRCIL,False,False,True,True,False
Rhynchosporium secalis,Fungi,Ascomycota,Fks1,FLTLSFRDP,NWVYRCIL,False,False,True,True,False
Penicillium brasilianum,Fungi,Ascomycota,Fks1,FLTLSFKDP,NWVNRCVI,False,False,True,True,False
Penicillium oxalicum,Fungi,Ascomycota,Fks1,FLTLSLKDP,NWVNRCVI,False,False,True,True,False
Penicillium antarcticum,Fungi,Ascomycota,Fks1,FLTLSFKDP,DWVNRCVI,False,False,True,True,False
Penicillium roqueforti,Fungi,Ascomycota,Fks1,FLTLSFKDP,NWVNRCVI,False,False,True,True,False
Penicillium digitatum,Fungi,Ascomycota,Fks1,FLTLSFKDP,NWVNRCVI,False,False,True,True,False
Penicillium camemberti,Fungi,Ascomycota,Fks1,FLTLSFKDP,NWVNRCVI,False,False,True,True,False
Penicillium chrysogenum,Fungi,Ascomycota,Fks1,FLTLSFKDP,NWVDRCVI,False,False,True,True,False
Penicillium rubens,Fungi,Ascomycota,Fks1,FLTLSFKDP,NWVDRCVI,False,False,True,True,False
Penicillium expansum,Fungi,Ascomycota,Fks1,FLTLSLKDP,NWVNRCVI,False,False,True,True,False
Penicillium italicum,Fungi,Ascomycota,Fks1,FLTLSFKDP,NWVNRCVI,False,False,True,True,False
Byssochlamys spectabilis,Fungi,Ascomycota,Fks1,FLTLSLKDP,DWVNRCIV,False,False,True,True,False
Rasamsonia emersonii,Fungi,Ascomycota,Fks1,FLTLSFKDP,DWVNRCIV,False,False,True,True,False
Talaromyces islandicus,Fungi,Ascomycota,Fks1,FLTLSFKDP,DWVNRCIV,False,False,True,True,False
Talaromyces stipitatus,Fungi,Ascomycota,Fks1,FLTLSFKDP,NWVNRCIV,False,False,True,True,False
Talaromyces marneffei,Fungi,Ascomycota,Fks1,FLTLSFKDP,NWVNRCIV,False,False,True,True,True
Talaromyces verruculosus,Fungi,Ascomycota,Fks1,FLTLSFKDP,NWVNRCIV,False,False,True,True,False
Penicillium sp. 'occitanis',Fungi,Ascomycota,Fks1,FLTLSFKDP,NWVNRCIV,False,False,True,True,False
Talaromyces cellulolyticus,Fungi,Ascomycota,Fks1,FLTLSFKDP,NWVNRCIV,False,False,True,True,False
Penicilliopsis zonata,Fungi,Ascomycota,Fks1,FLTLSFKDP,NWVNRCVL,False,False,True,True,False
Aspergillus carbonarius,Fungi,Ascomycota,Fks1,FLTLSLKDP,NWVNRCVI,False,False,True,True,False
Aspergillus nidulans,Fungi,Ascomycota,Fks1,FLTLSIKDP,NWVNRCVI,False,False,True,True,False
Aspergillus flavus,Fungi,Ascomycota,Fks1,FLTLSFKDP,DWVNRCVI,False,False,True,True,False
Aspergillus oryzae,Fungi,Ascomycota,Fks1,FLTLSFKDP,DWVNRCVI,False,False,True,True,False
Aspergillus terreus,Fungi,Ascomycota,Fks1,FLTLSFKDP,DWVNRCVI,False,False,True,True,False
Aspergillus clavatus,Fungi,Ascomycota,Fks1,FLTLSIKDP,DWVNRCII,False,False,True,True,False
Aspergillus fischeri,Fungi,Ascomycota,Fks1,FLTLSFKDP,DWVNRCII,False,False,True,True,False
Aspergillus fumigatus,Fungi,Ascomycota,Fks1,FLTLSFKDP,DWVNRCII,False,False,True,True,True
Polytolypa hystricis,Fungi,Ascomycota,Fks1,FLTHSFRDP,DWIDRCIA,False,False,True,True,False
Paracoccidioides lutzii,Fungi,Ascomycota,Fks1,FLTLSFRDP,EWVQRCTA,False,False,True,True,False
Paracoccidioides brasiliensis,Fungi,Ascomycota,Fks1,FLTLSFRDP,DWVQRCTA,False,False,True,True,False
Paracoccidioides brasiliensis,Fungi,Ascomycota,Fks1,FLTLSFRDP,DWVQRCTA,False,False,True,True,False
Blastomyces gilchristii,Fungi,Ascomycota,Fks1,FLTLSFRDP,AWVNRCIA,False,False,True,True,False
Histoplasma capsulatum,Fungi,Ascomycota,Fks1,FLTLSFRDP,DWVNRCIA,False,False,True,True,False
Emergomyces pasteurianus,Fungi,Ascomycota,Fks1,FLTLSFRDP,DWVNRCVA,False,False,True,True,False
Emmonsia crescens,Fungi,Ascomycota,Fks1,FLSLSFRDP,DWVHRCIA,False,False,True,True,False
Coccidioides posadasii,Fungi,Ascomycota,Fks1,FLTLSIKDP,DWVQRCIV,False,False,True,True,False
Coccidioides immitis,Fungi,Ascomycota,Fks1,FLTLSIKDP,DWVQRCIV,False,False,True,True,False
Nannizzia gypsea,Fungi,Ascomycota,Fks1,FLTLSLKDP,DWVNRCIL,False,False,True,True,False
Microsporum canis,Fungi,Ascomycota,Fks1,FLTLSLKDP,DWVNRCIL,False,False,True,True,False
Trichophyton rubrum,Fungi,Ascomycota,Fks1,FLTLSLKDP,DWVNRCIL,False,False,True,True,False
Trichophyton tonsurans,Fungi,Ascomycota,Fks1,FLTLSLKDP,DWVNRCIL,False,False,True,True,False
Trichophyton interdigitale,Fungi,Ascomycota,Fks1,FLTLSLKDP,DWVNRCIL,False,False,True,True,False
Trichophyton benhamiae,Fungi,Ascomycota,Fks1,FLTLSLKDP,DWVNRCIL,False,False,True,True,False
Trichophyton verrucosum,Fungi,Ascomycota,Fks1,FLTLSLKDP,DWVNRCIL,False,False,True,True,False
Endocarpon pusillum,Fungi,Ascomycota,Fks1,FLTLSFRDP,QWVERCIV,False,False,True,True,False
Cyphellophora europaea,Fungi,Ascomycota,Fks1,FLTLSFRDP,EWVERCVL,False,False,True,True,False
Exophiala aquamarina,Fungi,Ascomycota,Fks1,FLTLSFRDP,EWVERCIV,False,False,True,True,False
Capronia coronata,Fungi,Ascomycota,Fks1,FLTLSFRDP,DWVSRCIV,False,False,True,True,False
Exophiala dermatitidis,Fungi,Ascomycota,Fks1,FLTLSFRDP,DWVERCIV,False,False,True,True,False
Exophiala spinifera,Fungi,Ascomycota,Fks1,FLTLSFRDP,GWVERCVL,False,False,True,True,False
Fonsecaea erecta,Fungi,Ascomycota,Fks1,FLTLSFRDP,EWVERCVV,False,False,True,True,False
Cladophialophora psammophila,Fungi,Ascomycota,Fks1,FLTLSFRDP,EWVERCVV,False,False,True,True,False
Phialophora americana,Fungi,Ascomycota,Fks1,FLTLSFRDP,EWVQRCVV,False,False,True,True,False
Cladophialophora carrionii,Fungi,Ascomycota,Fks1,FLTLSFRDP,EWVQRCVV,False,False,True,True,False
Cladophialophora yegresii,Fungi,Ascomycota,Fks1,FLTLSFRDP,EWVQRCVV,False,False,True,True,False
Macrophomina phaseolina,Fungi,Ascomycota,Fks1,FLTLSFRDP,DWVTRCVV,False,False,True,True,False
Coniosporium apollinis,Fungi,Ascomycota,Fks1,FLTLSLRDP,DWVERCVV,False,False,True,True,False
Periconia macrospinosa,Fungi,Ascomycota,Fks1,FLTLSIKDP,NWISIVIL,False,False,True,True,False
Paraphaeosphaeria sporulosa,Fungi,Ascomycota,Fks1,FLTLSLKDP,DWVARCIL,False,False,True,True,False
Parastagonospora nodorum,Fungi,Ascomycota,Fks1,FLTLSIKDP,DWVTRSIV,False,False,True,True,False
Leptosphaeria maculans,Fungi,Ascomycota,Fks1,FLTLSIKDP,DWVARCIV,False,False,True,True,False
Alternaria alternata,Fungi,Ascomycota,Fks1,FLTLSIKDP,DWVSRCIV,False,False,True,True,False
Pyrenophora tritici-repentis,Fungi,Ascomycota,Fks1,FLTLSIKDP,DWVARCIV,False,False,True,True,False
Pyrenophora teres,Fungi,Ascomycota,Fks1,FLTLSFKDP,DWVARSIA,False,False,True,True,False
Exserohilum turcicum,Fungi,Ascomycota,Fks1,FLTLSIKDP,DWVSRCIV,False,False,True,True,False
Bipolaris sorokiniana,Fungi,Ascomycota,Fks1,FLTLSIKDP,DWVARCII,False,False,True,True,False
Bipolaris maydis,Fungi,Ascomycota,Fks1,FLTLSIKDP,DWVARCIV,False,False,True,True,False
Bipolaris maydis,Fungi,Ascomycota,Fks1,FLTLSIKDP,DWVARCIV,False,False,True,True,False
Clohesyomyces aquaticus,Fungi,Ascomycota,Fks1,FLTLSLKDP,DWVARCIL,False,False,True,True,False
Corynespora cassiicola,Fungi,Ascomycota,Fks1,FLTLSIKDP,DWVARCIV,False,False,True,True,False
Aureobasidium subglaciale,Fungi,Ascomycota,Fks1,YLTLSLRDP,DWIQRCCV,False,False,True,True,False
Aureobasidium pullulans,Fungi,Ascomycota,Fks1,YLTLSLRDP,DWIERCCV,False,False,True,True,False
Elsinoe australis,Fungi,Ascomycota,Fks1,YLILSIRDP,NWVQRCVV,False,False,True,True,False
Hortaea werneckii,Fungi,Ascomycota,Fks1,FLTLSLRDP,DWVQRCIV,False,False,True,True,False
Hortaea werneckii,Fungi,Ascomycota,Fks1,FLTLSLRDP,DWVQRCIV,False,False,True,True,False
Acidomyces richmondensis,Fungi,Ascomycota,Fks1,FLTLSLVDP,DWVERCIV,False,False,True,True,False
Baudoinia panamericana,Fungi,Ascomycota,Fks1,FLTLSIRDP,NWVERCIV,False,False,True,True,False
Zymoseptoria tritici,Fungi,Ascomycota,Fks1,FLTLSIRDP,DWVQRCIV,False,False,True,True,False
Sphaerulina musiva,Fungi,Ascomycota,Fks1,FLTLSFRDP,DWVQRCIV,False,False,True,True,False
Pseudocercospora fijiensis,Fungi,Ascomycota,Fks1,FLTLSLRDP,DWVQRCIV,False,False,True,True,False
Dothistroma septosporum,Fungi,Ascomycota,Fks1,FLTLSLRDP,DWVQRCIV,False,False,True,True,False
Rosellinia necatrix,Fungi,Ascomycota,Fks1,YLTLSFRDA,DWMWRCVI,False,False,True,True,False
Microdochium bolleyi,Fungi,Ascomycota,Fks1,YLTLSFRDP,DWIYRSIV,False,False,True,True,False
Torrubiella hemipterigena,Fungi,Ascomycota,Fks1,YLTLSFKDP,GWVQRCVL,False,False,True,True,False
Grosmannia clavigera,Fungi,Ascomycota,Fks1,FLALSFRDP,DWVYRCIL,False,False,True,True,False
Pyricularia grisea,Fungi,Ascomycota,Fks1,YLALSFKDP,DWVFRSIL,False,False,True,True,False
Pyricularia oryzae,Fungi,Ascomycota,Fks1,YLALSFKDP,DWVFRSIL,False,False,True,True,False
Gaeumannomyces tritici,Fungi,Ascomycota,Fks1,YLALSFRDP,DWVFRSVL,False,False,True,True,False
Sordaria macrospora,Fungi,Ascomycota,Fks1,YLTLSIRDP,DWIYRCVL,False,False,True,True,False
Neurospora discreta,Fungi,Ascomycota,Fks1,YLTLSIRDP,DWVYRCVL,False,False,True,True,False
Neurospora tetrasperma,Fungi,Ascomycota,Fks1,YLTLSIRDP,DWVYRCVL,False,False,True,True,False
Neurospora crassa,Fungi,Ascomycota,Fks1,YLTLSIRDP,DWVYRCVL,False,False,True,True,False
Diaporthe ampelina,Fungi,Ascomycota,Fks1,FLTLSFRDT,DWVYRSVI,False,False,True,True,False
Cryphonectria parasitica,Fungi,Ascomycota,Fks1,FLTLSFRDP,NWVWRCVI,False,False,True,True,False
Stachybotrys chartarum,Fungi,Ascomycota,Fks1,YLTRSFRDP,DWVQRSIL,False,False,True,True,False
Fusarium graminearum,Fungi,Ascomycota,Fks1,YLILSFRDP,DWIYRCIV,False,False,True,True,False
Fusarium pseudograminearum,Fungi,Ascomycota,Fks1,YLILSFRDP,DWIYRCIV,False,False,True,True,False
Fusarium oxysporum,Fungi,Ascomycota,Fks1,YLILSFRDP,DWIYRCIV,False,False,True,True,False
Fusarium fujikuroi,Fungi,Ascomycota,Fks1,YLILSFRDP,DWIYRCIV,False,False,True,True,False
Fusarium verticillioides,Fungi,Ascomycota,Fks1,YLILSFRDP,DWIYRCIV,False,False,True,True,False
Acremonium chrysogenum,Fungi,Ascomycota,Fks1,YLTLAFRDS,DWVYRSII,False,False,True,True,False
Trichoderma longibrachiatum,Fungi,Ascomycota,Fks1,FLALSFRDP,DWVQRCVF,False,False,True,True,False
Trichoderma parareesei,Fungi,Ascomycota,Fks1,FLALSFRDP,DWVQRCVF,False,False,True,True,False
Trichoderma reesei,Fungi,Ascomycota,Fks1,FLALSFRDP,DWVQRCVF,False,False,True,True,False
Trichoderma harzianum,Fungi,Ascomycota,Fks1,FLALSFRDP,DWIQRCVF,False,False,True,True,False
Trichoderma virens,Fungi,Ascomycota,Fks1,FLALSFRDP,DWVQRCVF,False,False,True,True,False
Trichoderma atroviride,Fungi,Ascomycota,Fks1,FLALSFKDP,DWVQRCVF,False,False,True,True,False
Trichoderma asperellum,Fungi,Ascomycota,Fks1,FLALSFKDP,DWVQRCVF,False,False,True,True,False
Purpureocillium lilacinum,Fungi,Ascomycota,Fks1,YLTLSFRDV,DWVQRSIF,False,False,True,True,False
Moelleriella libera,Fungi,Ascomycota,Fks1,YLTLSFRDV,QWVQRSVL,False,False,True,True,False
Metarhizium acridum,Fungi,Ascomycota,Fks1,YLTLSFRDV,QWVQRSIF,False,False,True,True,False
Metarhizium majus,Fungi,Ascomycota,Fks1,YLTLSFRDV,QWVQRSIF,False,False,True,True,False
Metarhizium robertsii,Fungi,Ascomycota,Fks1,YLTLSFRDV,QWVQRSIF,False,False,True,True,False
Claviceps paspali,Fungi,Ascomycota,Fks1,YLTLSFRDV,QWVQRSIF,False,False,True,True,False
Atkinsonella hypoxylon,Fungi,Ascomycota,Fks1,YLTLSFRDV,QWVQRSIF,False,False,True,True,False
Balansia obtecta,Fungi,Ascomycota,Fks1,YLTLSFRDV,QWVQRSIF,False,False,True,True,False
Aciculosporium take,Fungi,Ascomycota,Fks1,YLTLSFRDV,QWVQRSIF,False,False,True,True,False
Epichloe gansuensis,Fungi,Ascomycota,Fks1,YLTLSFRDV,QWVQRSIF,False,False,True,True,False
Epichloe typhina,Fungi,Ascomycota,Fks1,YLTLSFRDV,QWVQRSIF,False,False,True,True,False
Epichloe elymi,Fungi,Ascomycota,Fks1,YLTLSFRDV,QWVQRSIF,False,False,True,True,False
Epichloe baconii,Fungi,Ascomycota,Fks1,YLTLSFRDV,QWVQRSIF,False,False,True,True,False
Epichloe mollis,Fungi,Ascomycota,Fks1,YLTLSFRDV,QWVQRSIF,False,False,True,True,False
Epichloe amarillans,Fungi,Ascomycota,Fks1,YLTLSFRDV,QWVQRSIF,False,False,True,True,False
Epichloe brachyelytri,Fungi,Ascomycota,Fks1,YLTLSFRDV,QWVQRSIF,False,False,True,True,False
Epichloe aotearoae,Fungi,Ascomycota,Fks1,YLTLSFRDV,QWVQRSIF,False,False,True,True,False
Claviceps fusiformis,Fungi,Ascomycota,Fks1,YLTLSFRDV,QWVQRSIF,False,False,True,True,False
Claviceps purpurea,Fungi,Ascomycota,Fks1,YLTLSFRDV,QWVQRSIF,False,False,True,True,False
Eutypa lata,Fungi,Ascomycota,Fks1,YLTRSFRDP,DWVYRSII,False,False,True,True,False
Podospora anserina,Fungi,Ascomycota,Fks1,YLTLSIKDP,DWVYRSIL,False,False,True,True,False
Pestalotiopsis fici,Fungi,Ascomycota,Fks1,YLTLSLRDP,NWVYRCVL,False,False,True,True,False
Colletotrichum fructicola,Fungi,Ascomycota,Fks1,YLTLSFRDP,DWVYRCIL,False,False,True,True,False
Colletotrichum graminicola,Fungi,Ascomycota,Fks1,YLTLSFRDP,DWVYRCIL,False,False,True,True,False
Zymoseptoria tritici,Fungi,Ascomycota,Fks1,YLTLSFRDP,DWVYRCIL,False,False,True,True,False
Colletotrichum higginsianum,Fungi,Ascomycota,Fks1,YLTLSFRDP,DWVYRCIL,False,False,True,True,False
Phaeoacremonium minimum,Fungi,Ascomycota,Fks1,YLILSLRDP,DWVWRCVM,False,False,True,True,False
Ophiostoma piceae,Fungi,Ascomycota,Fks1,YLTRAFRDS,DWVYRCII,False,False,True,True,False
Sporothrix schenckii,Fungi,Ascomycota,Fks1,YLTRAFRDS,DWVYRCIL,False,False,True,True,False
Sporothrix brasiliensis,Fungi,Ascomycota,Fks1,YLTRAFRDS,DWVYRCIL,False,False,True,True,False
Chaetomium thermophilum,Fungi,Ascomycota,Fks1,YLTLSIRDP,DWIYRSVL,False,False,True,True,False
Chaetomium globosum,Fungi,Ascomycota,Fks1,FLALSIRDP,DWVYRCIL,False,False,True,True,False
Thermothielavioides terrestris,Fungi,Ascomycota,Fks1,YLTLSLRDP,DWVYRSVL,False,False,True,True,False
Madurella mycetomatis,Fungi,Ascomycota,Fks1,YLTLSIRDP,DWIYRSIL,False,False,True,True,False
Chlamydomonas reinhardtii,Viridiplantae,Chlorophyta,Fks2,SDLELKN-,--------,True,True,False,False,False
Arabidopsis thaliana,Viridiplantae,Streptophyta,Fks2,QVKPMIKP,GVILNQQF,False,False,True,True,False
Arabidopsis thaliana,Viridiplantae,Streptophyta,Fks2,QIRPLIAP,GAILNQQF,False,False,True,True,False
Allomyces macrogynus,Fungi,Blastocladiomycota,Fks2,LLLPLGEP,DWMRQSLL,False,False,True,True,False
Allomyces macrogynus,Fungi,Blastocladiomycota,Fks2,LLLPLGEP,DWMRQSLL,False,False,True,True,False
Phycomyces blakesleeanus,Fungi,Mucoromycota,Fks2,LALSFRDA,EWIQRCVL,False,False,True,True,False
Rhizopus oryzae,Fungi,Mucoromycota,Fks2,LALSFRDA,DWLQRCML,False,False,True,True,False
Schizosaccharomyces japonicus,Fungi,Ascomycota,Fks2,LTLSAKDP,DWLRRCII,False,False,True,True,False
Schizosaccharomyces pombe,Fungi,Ascomycota,Fks2,LTLSVRDP,DWIRRCII,False,False,True,True,False
Schizosaccharomyces octosporus,Fungi,Ascomycota,Fks2,LTLSVRDP,DWIRRCII,False,False,True,True,False
Phycomyces blakesleeanus,Fungi,Mucoromycota,Fks2,LALSFKDP,NWLKRVVI,False,False,True,True,False
Rhizopus oryzae,Fungi,Mucoromycota,Fks2,LALSFKDP,DWVKRCIL,False,False,True,True,False
Phycomyces blakesleeanus,Fungi,Mucoromycota,Fks2,LALSFKDP,EWVKRCIL,False,False,True,True,False
Schizosaccharomyces japonicus,Fungi,Ascomycota,Fks2,LTLNLSDS,EWLKRCIL,False,False,True,True,False
Schizosaccharomyces octosporus,Fungi,Ascomycota,Fks2,LALNLSDS,EWLKRCIL,False,False,True,True,False
Schizosaccharomyces pombe,Fungi,Ascomycota,Fks2,LTLNLADS,EWLKRCIL,False,False,True,True,False
Schizosaccharomyces pombe,Fungi,Ascomycota,Fks2,LTLSIRDP,SWLKRCVI,False,False,True,True,False
Schizosaccharomyces octosporus,Fungi,Ascomycota,Fks2,LTLSIRDP,SWLKRCVI,False,False,True,True,False
Schizosaccharomyces japonicus,Fungi,Ascomycota,Fks2,LSLSFRDP,DWVKRCIL,False,False,True,True,False
Schizosaccharomyces pombe,Fungi,Ascomycota,Fks2,LSLSFRDP,NWLKRCII,False,False,True,True,False
Schizosaccharomyces octosporus,Fungi,Ascomycota,Fks2,LTLSFRDP,NWLKRCII,False,False,True,True,False
Laccaria bicolor,Fungi,Basidiomycota,Fks2,LTLSFSDP,EWIRRCII,False,False,True,True,False
Coprinopsis cinerea,Fungi,Basidiomycota,Fks2,LTLSFRDP,EWIERCII,False,False,True,True,False
Coprinopsis cinerea,Fungi,Basidiomycota,Fks2,LTLSFRDP,EWIERCII,False,False,True,True,False
Phanerochaete chrysosporium,Fungi,Basidiomycota,Fks2,LTSSFSSP,DWIKRCIM,False,False,True,True,False
Laccaria bicolor,Fungi,Basidiomycota,Fks2,LTSSFSSP,DWIRRCIV,False,False,True,True,False
Coprinopsis cinerea,Fungi,Basidiomycota,Fks2,LTSSFSSP,DWIRRCII,False,False,True,True,False
Coprinopsis cinerea,Fungi,Basidiomycota,Fks2,LTSSFSSP,DWIRRCII,False,False,True,True,False
Ustilago hordei,Fungi,Basidiomycota,Fks2,LTLSFRDP,LWIKRTII,False,False,True,True,False
Ustilago maydis,Fungi,Basidiomycota,Fks2,LTLSFRDP,LWIKRTII,False,False,True,True,False
Cryptococcus amylolentus,Fungi,Basidiomycota,Fks2,LTLSFRDP,QWIKRCII,False,False,True,True,False
Cryptococcus gattii VGI,Fungi,Basidiomycota,Fks2,LTLSFRDP,KWIKRCII,False,False,True,True,False
Cryptococcus neoformans,Fungi,Basidiomycota,Fks2,LTLSFRDP,RWIKRCII,False,False,True,True,True
Sporobolomyces roseus,Fungi,Basidiomycota,Fks2,LTLSFENP,DWIKRCVI,False,False,True,True,False
Melampsora laricipopulina,Fungi,Basidiomycota,Fks2,LTLSFENP,DWIKRCIV,False,False,True,True,False
Puccinia triticina,Fungi,Basidiomycota,Fks2,LTLSFENP,DWIKRCIV,False,False,True,True,False
Puccinia graminis,Fungi,Basidiomycota,Fks2,LTLSFENP,--------,False,True,True,False,False
Hyaloscypha variabilis,Fungi,Ascomycota,Fks2,LTLSIKDP,DWVYRCIL,False,False,True,True,False
Ascoidea rubescens,Fungi,Ascomycota,Fks2,LILSLRDP,DWVRRFTL,False,False,True,True,False
Ascoidea rubescens,Fungi,Ascomycota,Fks2,LILSLRDP,DWVRRYTL,False,False,True,True,False
Babjeviella inositovora,Fungi,Ascomycota,Fks2,LTLSLRDP,DWVRRYTL,False,False,True,True,False
Yamadazyma tenuis,Fungi,Ascomycota,Fks2,LIKSLIDP,DWIRRYTL,False,False,True,True,False
Candida auris,Fungi,Ascomycota,Fks2,LTLSLRDP,DWIRRYTL,False,False,True,True,True
Candida auris,Fungi,Ascomycota,Fks2,LTLSLRDP,DWIRRYTL,False,False,True,True,True
Candida intermedia,Fungi,Ascomycota,Fks2,LILSLRDP,DWIRRYTL,False,False,True,True,False
Meyerozyma guilliermondii,Fungi,Ascomycota,Fks2,MALSLRDP,DWIRRYTL,False,False,True,True,False
Diutina rugosa,Fungi,Ascomycota,Fks2,LTLSLRDP,DWVRRYTL,False,False,True,True,False
Suhomyces tanzawaensis,Fungi,Ascomycota,Fks2,LILSIRDP,DWVRRYTL,False,False,True,True,False
Scheffersomyces stipitis,Fungi,Ascomycota,Fks2,LTLSLRDP,DWTRRYTL,False,False,True,True,False
Candida dubliniensis,Fungi,Ascomycota,Fks2,LTLSLRDP,DWIRRYTL,False,False,True,True,False
Candida albicans,Fungi,Ascomycota,Fks2,LTLSLRDP,DWIRRYTL,False,False,True,True,True
Candida albicans,Fungi,Ascomycota,Fks2,LTLSLRDP,DWIRRYTL,False,False,True,True,True
Candida parapsilosis,Fungi,Ascomycota,Fks2,LTLSLRDA,DWIRRYTL,False,False,True,True,True
Lodderomyces elongisporus,Fungi,Ascomycota,Fks2,LTLSLRDP,EWIRRYTL,False,False,True,True,False
Candida subhashii,Fungi,Ascomycota,Fks2,LTLSLRDP,DWIRRYTL,False,False,True,True,False
Spathaspora passalidarum,Fungi,Ascomycota,Fks2,LTLSIRDP,DWVRRYTL,False,False,True,True,False
Millerozyma farinosa,Fungi,Ascomycota,Fks2,LTLSLKDP,DWVRRYTL,False,False,True,True,False
Millerozyma farinosa,Fungi,Ascomycota,Fks2,LTLSLKDP,DWVRRYTL,False,False,True,True,False
Debaryomyces hansenii,Fungi,Ascomycota,Fks2,LTLSIRDP,DWIRRYTL,False,False,True,True,False
Debaryomyces fabryi,Fungi,Ascomycota,Fks2,LTLSIRDP,DWIRRYTL,False,False,True,True,False
Candida inconspicua,Fungi,Ascomycota,Fks2,LILSIRDP,DWIRRYTL,False,False,True,True,False
Pichia membranifaciens,Fungi,Ascomycota,Fks2,LILSIRDP,DWIRRYTL,False,False,True,True,False
Pichia kudriavzevii,Fungi,Ascomycota,Fks2,LILSIRDP,DWIRRYTL,False,False,True,True,False
Komagataella pastoris,Fungi,Ascomycota,Fks2,LILSLRDP,DWIRRYTL,False,False,True,True,False
Komagataella phaffii,Fungi,Ascomycota,Fks2,LILSLRDP,DWIRRYTL,False,False,True,True,False
Brettanomyces bruxellensis,Fungi,Ascomycota,Fks2,LVLSIKDP,DWIRRYTL,False,False,True,True,False
Kuraishia capsulata,Fungi,Ascomycota,Fks2,MILSLRDP,DWIRRYTL,False,False,True,True,False
Candida arabinofermentans,Fungi,Ascomycota,Fks2,LILSLRDP,DWIRRYTL,False,False,True,True,False
Ogataea parapolymorpha,Fungi,Ascomycota,Fks2,LILSLRDP,DWIRRYTL,False,False,True,True,False
Ogataea angusta,Fungi,Ascomycota,Fks2,LILSLRDP,DWIRRYTL,False,False,True,True,False
Ogataea polymorpha,Fungi,Ascomycota,Fks2,LILSLRDP,DWIRRYTL,False,False,True,True,False
Hanseniaspora guilliermondii,Fungi,Ascomycota,Fks2,LILSLKDP,DWVRRYTL,False,False,True,True,False
Hanseniaspora valbyensis,Fungi,Ascomycota,Fks2,LILSLKDP,DWVRRYTL,False,False,True,True,False
Eremothecium cymbalariae,Fungi,Ascomycota,Fks2,LTLSLRDP,DWVRRYTL,False,False,True,True,False
Saccharomycetaceae sp. 'Ashbya aceri',Fungi,Ascomycota,Fks2,LTLSLKDP,DWVRRYTL,False,False,True,True,False
Eremothecium gossypii,Fungi,Ascomycota,Fks2,LTLSLRDP,DWVRRYTL,False,False,True,True,False
Eremothecium gossypii,Fungi,Ascomycota,Fks2,LTLLVTQH,DWVRRYTL,False,False,True,True,False
Naumovozyma castellii,Fungi,Ascomycota,Fks2,LILSLRDP,DWVRRYTL,False,False,True,True,False
Wickerhamomyces ciferrii,Fungi,Ascomycota,Fks2,LILSLRDP,DWVRRYTL,False,False,True,True,False
Cyberlindnera jadinii,Fungi,Ascomycota,Fks2,LILSMRDP,DWIRRYTL,False,False,True,True,False
Cyberlindnera fabianii,Fungi,Ascomycota,Fks2,LILSLRDP,DWIRRYTL,False,False,True,True,False
Candida castellii,Fungi,Ascomycota,Fks2,LILSLRDP,DWVRRYTL,False,False,True,True,False
Lachancea thermotolerans,Fungi,Ascomycota,Fks2,LIKSLIDP,DWVRRYTL,False,False,True,True,False
Lachancea lanzarotensis,Fungi,Ascomycota,Fks2,LIKSLRDP,DWIRRYTL,False,False,True,True,False
Lachancea dasiensis,Fungi,Ascomycota,Fks2,LILSLRDP,DWIRRYTL,False,False,True,True,False
Candida castellii,Fungi,Ascomycota,Fks2,LILSLRDP,DWVRRYTL,False,False,True,True,False
Lachancea kluyveri,Fungi,Ascomycota,Fks2,LTLSLRDP,DWVRRYTL,False,False,True,True,False
Kluyveromyces marxianus,Fungi,Ascomycota,Fks2,LTLSLRDP,DWVRRYTL,False,False,True,True,False
Kluyveromyces lactis,Fungi,Ascomycota,Fks2,LTLSLRDP,DWVRRYTL,False,False,True,True,False
Tetrapisispora blattae,Fungi,Ascomycota,Fks2,LILSLRDP,DWVRRYTL,False,False,True,True,False
Kazachstania africana,Fungi,Ascomycota,Fks2,LILSLRDP,DWVRRYTL,False,False,True,True,False
Kazachstania naganishii,Fungi,Ascomycota,Fks2,LILSLRDP,DWVRRYTL,False,False,True,True,False
Nakaseomyces delphensis,Fungi,Ascomycota,Fks2,LILSLRDP,DWVRRYTL,False,False,True,True,False
Candida bracarensis,Fungi,Ascomycota,Fks2,LILSLRDP,DWVRRYTL,False,False,True,True,False
Candida nivariensis,Fungi,Ascomycota,Fks2,LILSLRDP,DWVRRYTL,False,False,True,True,False
Zygosaccharomyces rouxii,Fungi,Ascomycota,Fks2,LILSLRDP,DWVRRYTL,False,False,True,True,False
Zygosaccharomyces bailii,Fungi,Ascomycota,Fks2,LILSIRDP,DWTRRYTL,False,False,True,True,False
Torulaspora delbrueckii,Fungi,Ascomycota,Fks2,LILSLRDP,DWVRRYTL,False,False,True,True,False
Naumovozyma dairenensis,Fungi,Ascomycota,Fks2,LILSLRDP,DWVRRYTL,False,False,True,True,False
Naumovozyma castellii,Fungi,Ascomycota,Fks2,LILSLRDP,DWVRRYTL,False,False,True,True,False
Naumovozyma castellii,Fungi,Ascomycota,Fks2,LILSLRDP,DWVRRYTL,False,False,True,True,False
Saccharomyces bayanus,Fungi,Ascomycota,Fks2,LILSLRDP,DWVRRYTL,False,False,True,True,False
Saccharomyces bayanus,Fungi,Ascomycota,Fks2,LILSLRDP,DWVRRYTL,False,False,True,True,False
Saccharomyces arboricola,Fungi,Ascomycota,Fks2,LILSLRDP,DWVRRYTL,False,False,True,True,False
Saccharomyces mikatae,Fungi,Ascomycota,Fks2,LILSLRDP,DWVRRYTL,False,False,True,True,False
Saccharomyces paradoxus,Fungi,Ascomycota,Fks2,LILSLRDP,DWVRRYTL,False,False,True,True,False
Saccharomyces sp. 'boulardii',Fungi,Ascomycota,Fks2,LILSLRDP,DWVRRYTL,False,False,True,True,False
Saccharomyces cerevisiae,Fungi,Ascomycota,Fks2,LILSLRDP,DWVRRYTL,False,False,True,True,False
Saccharomyces arboricola,Fungi,Ascomycota,Fks2,LVLSLRDP,DWVRRYTL,False,False,True,True,False
Saccharomyces sp. 'boulardii',Fungi,Ascomycota,Fks2,LVLSLRDP,DWVRRYTL,False,False,True,True,False
Saccharomyces cerevisiae,Fungi,Ascomycota,Fks2,LVLSLRDP,DWVRRYTL,False,False,True,True,False
Pneumocystis jirovecii,Fungi,Ascomycota,Fks2,LSLSLRDP,DWIKRSII,False,False,True,True,True
Tortispora caseinolytica,Fungi,Ascomycota,Fks2,LVLSIRDP,GWVQRCIL,False,False,True,True,False
Wickerhamiella sorbophila,Fungi,Ascomycota,Fks2,LILSLRDP,DWIDRCVL,False,False,True,True,False
Lipomyces starkeyi,Fungi,Ascomycota,Fks2,LTLSLRDP,DWVQRCIL,False,False,True,True,False
Yarrowia lipolytica,Fungi,Ascomycota,Fks2,LILSLRDP,DWIRRCVL,False,False,True,True,False
Yarrowia lipolytica,Fungi,Ascomycota,Fks2,LILSLRDP,DWIRRCVL,False,False,True,True,False
Nadsonia fulvescens,Fungi,Ascomycota,Fks2,LTLSIRDP,DWVQRCIL,False,False,True,True,False
Geotrichum candidum,Fungi,Ascomycota,Fks2,LILSLRDP,DWVRRCIL,False,False,True,True,False
Geotrichum candidum,Fungi,Ascomycota,Fks2,LILSLRDP,DWVQRCIL,False,False,True,True,False
Blastobotrys adeninivorans,Fungi,Ascomycota,Fks2,LILSARDP,GWCQRYIL,False,False,True,True,False
Trichomonascus ciferrii,Fungi,Ascomycota,Fks2,LTLSIRDP,GWLYRCIL,False,False,True,True,False
Torrubiella hemipterigena,Fungi,Ascomycota,Fks2,LTASLRRS,DWIYRCVI,False,False,True,True,False
Cryphonectria parasitica,Fungi,Ascomycota,Fks2,LTLSFRDP,NWVWRCVI,False,False,True,True,False
Pyricularia oryzae,Fungi,Ascomycota,Fks2,LALSFKDP,DWVFRSIL,False,False,True,True,False
Pyricularia grisea,Fungi,Ascomycota,Fks2,LALSFKDP,DWVFRSIL,False,False,True,True,False
Gaeumannomyces graminis,Fungi,Ascomycota,Fks2,LALSFRDP,DWVFRSVL,False,False,True,True,False
Magnaporthiopsis poae,Fungi,Ascomycota,Fks2,LALSFRDP,DWVFRSVL,False,False,True,True,False
Sordaria macrospora,Fungi,Ascomycota,Fks2,LTLSIRDP,DWIYRCVL,False,False,True,True,False
Neurospora discreta,Fungi,Ascomycota,Fks2,LTLSIRDP,DWVYRCVL,False,False,True,True,False
Neurospora crassa,Fungi,Ascomycota,Fks2,LTLSIRDP,DWVYRCVL,False,False,True,True,False
Neurospora tetrasperma,Fungi,Ascomycota,Fks2,LTLSIRDP,DWVYRCVL,False,False,True,True,False
Trichoderma atroviride,Fungi,Ascomycota,Fks2,LALSFKDP,DWVQRCVF,False,False,True,True,False
Trichoderma reesei,Fungi,Ascomycota,Fks2,LALSFRDP,DWVQRCVF,False,False,True,True,False
Trichoderma virens,Fungi,Ascomycota,Fks2,LALSFRDP,DWVQRCVF,False,False,True,True,False
Fusarium graminearum,Fungi,Ascomycota,Fks2,LILSFRDP,DWIYRCIV,False,False,True,True,False
Fusarium pseudograminearum,Fungi,Ascomycota,Fks2,LILSFRDP,DWIYRCIV,False,False,True,True,False
Fusarium verticillioides,Fungi,Ascomycota,Fks2,LILSFRDP,DWIYRCIV,False,False,True,True,False
Fusarium oxysporum,Fungi,Ascomycota,Fks2,LILSFRDP,DWIYRCIV,False,False,True,True,False
Zymoseptoria tritici,Fungi,Ascomycota,Fks2,LTLSFRDP,DWVYRCIL,False,False,True,True,False
Grosmannia clavigera,Fungi,Ascomycota,Fks2,LALSFRDP,DWVYRCIL,False,False,True,True,False
Podospora anserina,Fungi,Ascomycota,Fks2,LTLSIKDP,DWVYRSIL,False,False,True,True,False
Ophiostoma ulmi,Fungi,Ascomycota,Fks2,LTRAFRDS,DWVYRCIL,False,False,True,True,False
Thermothielavioides terrestris,Fungi,Ascomycota,Fks2,LTLSLRDP,DWVYRSVL,False,False,True,True,False
Chaetomium globosum,Fungi,Ascomycota,Fks2,LALSIRDP,DWVYRCIL,False,False,True,True,False
Sclerotinia sclerotiorum,Fungi,Ascomycota,Fks2,LTLSFRDP,NWVYRCII,False,False,True,True,False
Pseudocercospora fijiensis,Fungi,Ascomycota,Fks2,LTLSLRDP,DWVQRCIV,False,False,True,True,False
Zymoseptoria tritici,Fungi,Ascomycota,Fks2,LTLSIRDP,DWVQRCIV,False,False,True,True,False
Parastagonospora nodorum,Fungi,Ascomycota,Fks2,LTLSIKDP,DWVTRSIV,False,False,True,True,False
Leptosphaeria maculans,Fungi,Ascomycota,Fks2,LTLSIKDP,DWVARCIV,False,False,True,True,False
Bipolaris maydis,Fungi,Ascomycota,Fks2,LTLSIKDP,DWVARCIV,False,False,True,True,False
Pyrenophora triticirepentis,Fungi,Ascomycota,Fks2,LTLSIKDP,DWVARCIV,False,False,True,True,False
Pyrenophora teres,Fungi,Ascomycota,Fks2,LTLSFKDP,DWVARSIA,False,False,True,True,False
Paracoccidioides lutzii,Fungi,Ascomycota,Fks2,LTLSFRDP,EWVQRCTA,False,False,True,True,False
Paracoccidioides brasiliensis,Fungi,Ascomycota,Fks2,LTLSFRDP,DWVQRCTA,False,False,True,True,False
Histoplasma capsulatum,Fungi,Ascomycota,Fks2,LTLSFRDP,DWVNRCIA,False,False,True,True,False
Blastomyces dermatitidis,Fungi,Ascomycota,Fks2,LTLSFRDP,AWVNRCIA,False,False,True,True,False
Coccidioides posadasii,Fungi,Ascomycota,Fks2,LTLSIKDP,DWVQRCIV,False,False,True,True,False
Coccidioides immitis,Fungi,Ascomycota,Fks2,LTLSIKDP,DWVQRCIV,False,False,True,True,False
Nannizzia gypsea,Fungi,Ascomycota,Fks2,LTLSLKDP,DWVNRCIL,False,False,True,True,False
Microsporum canis,Fungi,Ascomycota,Fks2,LTLSLKDP,DWVNRCIL,False,False,True,True,False
Trichophyton rubrum,Fungi,Ascomycota,Fks2,LTLSLKDP,DWVNRCIL,False,False,True,True,False
Trichophyton benhamiae,Fungi,Ascomycota,Fks2,LTLSLKDP,DWVNRCIL,False,False,True,True,False
Trichophyton verrucosum,Fungi,Ascomycota,Fks2,LTLSLKDP,DWVNRCIL,False,False,True,True,False
Talaromyces stipitatus,Fungi,Ascomycota,Fks2,LTLSFKDP,NWVNRCIV,False,False,True,True,False
Talaromyces marneffei,Fungi,Ascomycota,Fks2,LTLSFKDP,NWVNRCIV,False,False,True,True,True
Penicillium chrysogenum,Fungi,Ascomycota,Fks2,LTLSFKDP,NWVDRCVI,False,False,True,True,False
Penicillium rubens,Fungi,Ascomycota,Fks2,LTLSFKDP,NWVDRCVI,False,False,True,True,False
Aspergillus nidulans,Fungi,Ascomycota,Fks2,LTLSIKDP,NWVNRCVI,False,False,True,True,False
Aspergillus oryzae,Fungi,Ascomycota,Fks2,LTLSFKDP,DWVNRCVI,False,False,True,True,False
Aspergillus flavus,Fungi,Ascomycota,Fks2,LTLSFKDP,DWVNRCVI,False,False,True,True,False
Aspergillus aculeatus,Fungi,Ascomycota,Fks2,LTLSLKDP,NWVNRCVI,False,False,True,True,False
Aspergillus carbonarius,Fungi,Ascomycota,Fks2,LTLSLKDP,NWVNRCVI,False,False,True,True,False
Aspergillus niger,Fungi,Ascomycota,Fks2,LTLSLKDP,AWVNRCVV,False,False,True,True,False
Aspergillus terreus,Fungi,Ascomycota,Fks2,LTLSFKDP,DWVNRCVI,False,False,True,True,False
Aspergillus clavatus,Fungi,Ascomycota,Fks2,LTLSIKDP,DWVNRCII,False,False,True,True,False
Aspergillus fumigatus,Fungi,Ascomycota,Fks2,LTLSFKDP,DWVNRCII,False,False,True,True,True
Aspergillus fischeri,Fungi,Ascomycota,Fks2,LTLSFKDP,DWVNRCII,False,False,True,True,False
